/*M!999999\- enable the sandbox mode */ 
-- MariaDB dump 10.19-11.7.2-MariaDB, for Win64 (AMD64)
--
-- Host: localhost    Database: extraordinarios
-- ------------------------------------------------------
-- Server version	10.11.13-MariaDB

/*!40101 SET @OLD_CHARACTER_SET_CLIENT=@@CHARACTER_SET_CLIENT */;
/*!40101 SET @OLD_CHARACTER_SET_RESULTS=@@CHARACTER_SET_RESULTS */;
/*!40101 SET @OLD_COLLATION_CONNECTION=@@COLLATION_CONNECTION */;
/*!40101 SET NAMES utf8mb4 */;
/*!40103 SET @OLD_TIME_ZONE=@@TIME_ZONE */;
/*!40103 SET TIME_ZONE='+00:00' */;
/*!40014 SET @OLD_UNIQUE_CHECKS=@@UNIQUE_CHECKS, UNIQUE_CHECKS=0 */;
/*!40014 SET @OLD_FOREIGN_KEY_CHECKS=@@FOREIGN_KEY_CHECKS, FOREIGN_KEY_CHECKS=0 */;
/*!40101 SET @OLD_SQL_MODE=@@SQL_MODE, SQL_MODE='NO_AUTO_VALUE_ON_ZERO' */;
/*M!100616 SET @OLD_NOTE_VERBOSITY=@@NOTE_VERBOSITY, NOTE_VERBOSITY=0 */;

--
-- Table structure for table `historico`
--

DROP TABLE IF EXISTS `historico`;
/*!40101 SET @saved_cs_client     = @@character_set_client */;
/*!40101 SET character_set_client = utf8mb4 */;
CREATE TABLE `historico` (
  `id_hist` int(11) NOT NULL AUTO_INCREMENT,
  `id_sinodal1` int(11) NOT NULL,
  `id_vuelta` int(11) NOT NULL,
  `clave_materia` varchar(50) NOT NULL,
  `id_sinodal2` int(11) NOT NULL,
  `id_semestre` int(11) DEFAULT NULL,
  PRIMARY KEY (`id_hist`),
  KEY `id_prof` (`id_sinodal1`),
  KEY `id_vuelta` (`id_vuelta`),
  KEY `clave_materia` (`clave_materia`),
  KEY `id_sinodal2` (`id_sinodal2`),
  KEY `id_semestre` (`id_semestre`),
  CONSTRAINT `clave_materia` FOREIGN KEY (`clave_materia`) REFERENCES `materias` (`clave_materia`),
  CONSTRAINT `fk_historico_semestre` FOREIGN KEY (`id_semestre`) REFERENCES `semestre` (`id_semestre`),
  CONSTRAINT `historico_ibfk_1` FOREIGN KEY (`id_sinodal1`) REFERENCES `profesor` (`id_prof`),
  CONSTRAINT `historico_ibfk_3` FOREIGN KEY (`id_vuelta`) REFERENCES `vuelta` (`id_vuelta`),
  CONSTRAINT `id_semestre` FOREIGN KEY (`id_semestre`) REFERENCES `semestre` (`id_semestre`),
  CONSTRAINT `id_sinodal2` FOREIGN KEY (`id_sinodal2`) REFERENCES `profesor` (`id_prof`)
) ENGINE=InnoDB AUTO_INCREMENT=8438 DEFAULT CHARSET=utf8mb4 COLLATE=utf8mb4_general_ci;
/*!40101 SET character_set_client = @saved_cs_client */;

--
-- Dumping data for table `historico`
--

LOCK TABLES `historico` WRITE;
/*!40000 ALTER TABLE `historico` DISABLE KEYS */;
INSERT INTO `historico` VALUES
(6638,352,2,'0019',357,1),
(6639,388,2,'1503',434,1),
(6640,384,2,'0008',364,1),
(6641,398,2,'0009',372,1),
(6642,384,2,'0008',364,1),
(6643,367,2,'1110',386,1),
(6644,367,2,'1110',386,1),
(6645,437,2,'0062',428,1),
(6646,437,2,'0062',428,1),
(6647,437,2,'0024',342,1),
(6648,401,2,'1400',342,1),
(6649,348,2,'0076',434,1),
(6650,348,2,'1417',434,1),
(6651,348,2,'1702',434,1),
(6652,387,2,'0002',348,1),
(6653,393,2,'0043',384,1),
(6654,416,2,'1109',367,1),
(6655,416,2,'1109',367,1),
(6656,351,2,'0063',367,1),
(6657,351,2,'0063',367,1),
(6658,374,2,'2129',334,1),
(6659,374,2,'2103',334,1),
(6660,376,2,'0434',434,1),
(6661,376,2,'0434',434,1),
(6662,378,2,'1111',412,1),
(6663,378,2,'1111',412,1),
(6664,388,2,'1209',347,1),
(6665,388,2,'1202',347,1),
(6666,360,2,'0112',364,1),
(6667,360,2,'0114',364,1),
(6668,368,2,'0129',437,1),
(6669,348,2,'2109',366,1),
(6670,385,2,'1721',346,1),
(6671,438,2,'1720',385,1),
(6672,405,2,'1500',344,1),
(6673,342,2,'1604',370,1),
(6674,438,2,'1521',385,1),
(6675,405,2,'1500',344,1),
(6676,419,2,'0138',409,1),
(6677,419,2,'1522',409,1),
(6678,416,2,'1303',409,1),
(6679,416,2,'1303',409,1),
(6680,416,2,'1303',367,1),
(6681,416,2,'1302',409,1),
(6682,426,2,'0071',429,1),
(6683,426,2,'0071',429,1),
(6684,352,2,'1210',357,1),
(6685,362,2,'1311',352,1),
(6686,414,2,'1418',362,1),
(6687,424,2,'0190',354,1),
(6688,424,2,'0190',354,1),
(6689,394,2,'0119',397,1),
(6690,394,2,'1401',397,1),
(6691,401,2,'1708',342,1),
(6692,345,2,'1108',367,1),
(6693,345,2,'1108',367,1),
(6694,345,2,'1108',367,1),
(6695,430,2,'1914',410,1),
(6696,346,2,'1910',348,1),
(6697,346,2,'1910',348,1),
(6698,363,2,'1917',357,1),
(6699,354,2,'0401',434,1),
(6700,413,2,'1605',436,1),
(6701,413,2,'1600',436,1),
(6702,434,2,'0003',436,1),
(6703,414,2,'1405',362,1),
(6704,421,2,'0406',394,1),
(6705,421,2,'0406',394,1),
(6706,362,2,'0232',352,1),
(6707,373,2,'1107',434,1),
(6708,373,2,'1112',434,1),
(6709,373,2,'1112',434,1),
(6710,343,2,'0362',418,1),
(6711,343,2,'1410',418,1),
(6712,382,2,'0442',421,1),
(6713,382,2,'0442',421,1),
(6714,394,2,'1419',397,1),
(6715,364,2,'1715',385,1),
(6716,386,2,'0480',367,1),
(6717,386,2,'0480',367,1),
(6718,346,2,'0561',386,1),
(6719,346,2,'1800',370,1),
(6720,346,2,'1800',370,1),
(6721,370,2,'0617',386,1),
(6722,434,2,'0613',373,1),
(6723,434,2,'1801',373,1),
(6724,381,2,'0712',351,1),
(6725,381,2,'0712',351,1),
(6726,371,2,'1916',344,1),
(6727,434,2,'0633',348,1),
(6728,424,2,'0075',354,1),
(6729,378,2,'1203',344,1),
(6730,378,2,'1203',344,1),
(6731,436,2,'1504',344,1),
(6732,366,2,'1003',352,1),
(6733,384,2,'0760',361,1),
(6734,384,2,'1704',361,1),
(6735,430,2,'0006',410,1),
(6736,385,2,'2128',370,1),
(6737,385,2,'2128',370,1),
(6738,385,2,'2135',370,1),
(6739,436,2,'1705',434,1),
(6740,436,2,'1705',434,1),
(6741,347,2,'0012',388,1),
(6742,347,2,'0792',388,1),
(6743,360,2,'1603',401,1),
(6744,360,2,'1802',364,1),
(6745,434,2,'0789',344,1),
(6746,434,2,'0789',344,1),
(6747,382,2,'2138',421,1),
(6748,382,2,'2138',421,1),
(6749,369,2,'0840',341,1),
(6750,369,2,'0840',341,1),
(6751,388,2,'1211',333,1),
(6752,350,2,'0855',362,1),
(6753,387,2,'0013',348,1),
(6754,387,2,'0013',348,1),
(6755,434,2,'0905',433,1),
(6756,439,2,'0167',390,1),
(6757,422,2,'0014',436,1),
(6758,355,2,'0312',430,1),
(6759,352,1,'0019',357,2),
(6760,413,1,'1503',434,2),
(6761,373,1,'0008',364,2),
(6762,434,1,'0009',372,2),
(6763,373,1,'0008',364,2),
(6764,404,1,'1110',386,2),
(6765,404,1,'1110',386,2),
(6766,401,1,'1400',342,2),
(6767,387,1,'0076',434,2),
(6768,387,1,'1417',434,2),
(6769,434,1,'1702',387,2),
(6770,387,1,'0002',348,2),
(6771,393,1,'0115',384,2),
(6772,393,1,'0043',384,2),
(6773,416,1,'1109',367,2),
(6774,416,1,'1109',367,2),
(6775,380,1,'0063',367,2),
(6776,380,1,'0063',367,2),
(6777,374,1,'2129',334,2),
(6778,376,1,'0434',434,2),
(6779,376,1,'0434',434,2),
(6780,403,1,'1111',412,2),
(6781,403,1,'1111',412,2),
(6782,388,1,'1209',347,2),
(6783,388,1,'1202',347,2),
(6784,368,1,'0129',437,2),
(6785,348,1,'2109',366,2),
(6786,342,1,'1721',346,2),
(6787,342,1,'1721',346,2),
(6788,383,1,'1720',385,2),
(6789,405,1,'1500',344,2),
(6790,342,1,'1604',370,2),
(6791,383,1,'1521',385,2),
(6792,405,1,'1500',344,2),
(6793,419,1,'1522',409,2),
(6794,419,1,'0138',409,2),
(6795,419,1,'1303',409,2),
(6796,419,1,'1303',409,2),
(6797,419,1,'1302',409,2),
(6798,426,1,'0071',429,2),
(6799,426,1,'0071',429,2),
(6800,352,1,'1210',357,2),
(6801,375,1,'1311',352,2),
(6802,374,1,'1418',334,2),
(6803,343,1,'0190',354,2),
(6804,343,1,'0190',354,2),
(6805,394,1,'0119',397,2),
(6806,394,1,'1401',397,2),
(6807,401,1,'1708',342,2),
(6808,386,1,'1108',367,2),
(6809,386,1,'1108',367,2),
(6810,384,1,'1914',410,2),
(6811,423,1,'1910',348,2),
(6812,423,1,'1910',348,2),
(6813,357,1,'1917',363,2),
(6814,357,1,'1917',363,2),
(6815,413,1,'1605',436,2),
(6816,413,1,'1600',436,2),
(6817,354,1,'0003',436,2),
(6818,414,1,'1405',362,2),
(6819,360,1,'1627',440,2),
(6820,345,1,'0406',394,2),
(6821,345,1,'0406',394,2),
(6822,375,1,'0232',352,2),
(6823,400,1,'1112',434,2),
(6824,400,1,'1112',434,2),
(6825,343,1,'0362',418,2),
(6826,343,1,'1410',418,2),
(6827,382,1,'0442',420,2),
(6828,382,1,'0442',420,2),
(6829,394,1,'1419',397,2),
(6830,364,1,'1715',385,2),
(6831,367,1,'0480',343,2),
(6832,367,1,'0480',343,2),
(6833,346,1,'0561',386,2),
(6834,346,1,'1800',370,2),
(6835,346,1,'1800',370,2),
(6836,434,1,'0613',373,2),
(6837,434,1,'1801',373,2),
(6838,402,1,'0712',351,2),
(6839,402,1,'0712',351,2),
(6840,371,1,'1916',344,2),
(6841,371,1,'1916',344,2),
(6842,434,1,'0633',348,2),
(6843,346,1,'0170',423,2),
(6844,423,1,'0174',346,2),
(6845,343,1,'0075',354,2),
(6846,378,1,'1203',344,2),
(6847,378,1,'1203',344,2),
(6848,353,1,'1003',384,2),
(6849,353,1,'1003',384,2),
(6850,410,1,'1719',361,2),
(6851,410,1,'1704',361,2),
(6852,349,1,'2128',370,2),
(6853,349,1,'2135',370,2),
(6854,408,1,'0012',388,2),
(6855,408,1,'0792',388,2),
(6856,360,1,'1603',401,2),
(6857,360,1,'1802',364,2),
(6858,346,1,'0789',344,2),
(6859,420,1,'2138',382,2),
(6860,420,1,'2138',382,2),
(6861,369,1,'0840',341,2),
(6862,369,1,'0840',341,2),
(6863,388,1,'1211',333,2),
(6864,387,1,'0013',348,2),
(6865,434,1,'0905',433,2),
(6866,340,1,'0167',390,2),
(6867,378,1,'0171',390,2),
(6868,332,1,'0313',399,2),
(6869,352,2,'0019',357,2),
(6870,413,2,'1503',434,2),
(6871,373,2,'0008',364,2),
(6872,372,2,'0009',434,2),
(6873,373,2,'0008',364,2),
(6874,404,2,'1110',386,2),
(6875,404,2,'1110',386,2),
(6876,437,2,'0062',428,2),
(6877,437,2,'0062',428,2),
(6878,437,2,'0024',342,2),
(6879,401,2,'1400',342,2),
(6880,348,2,'0076',434,2),
(6881,348,2,'1417',434,2),
(6882,387,2,'1810',348,2),
(6883,348,2,'1702',434,2),
(6884,387,2,'0002',348,2),
(6885,393,2,'0115',384,2),
(6886,393,2,'0043',384,2),
(6887,416,2,'1109',367,2),
(6888,416,2,'1109',367,2),
(6889,380,2,'0063',367,2),
(6890,380,2,'0063',367,2),
(6891,374,2,'2129',334,2),
(6892,376,2,'0434',434,2),
(6893,376,2,'0434',434,2),
(6894,403,2,'1111',412,2),
(6895,403,2,'1111',412,2),
(6896,388,2,'1209',347,2),
(6897,388,2,'1202',347,2),
(6898,368,2,'0129',437,2),
(6899,348,2,'2109',366,2),
(6900,342,2,'1721',346,2),
(6901,342,2,'1721',346,2),
(6902,383,2,'1720',385,2),
(6903,345,2,'1500',344,2),
(6904,342,2,'1604',370,2),
(6905,383,2,'1521',385,2),
(6906,345,2,'1500',344,2),
(6907,419,2,'1522',396,2),
(6908,437,2,'0138',396,2),
(6909,419,2,'1303',368,2),
(6910,419,2,'1303',368,2),
(6911,419,2,'1302',368,2),
(6912,426,2,'0071',429,2),
(6913,426,2,'0071',429,2),
(6914,352,2,'1210',357,2),
(6915,375,2,'1311',352,2),
(6916,374,2,'1418',334,2),
(6917,343,2,'0190',354,2),
(6918,343,2,'0190',354,2),
(6919,343,2,'0119',397,2),
(6920,343,2,'1401',397,2),
(6921,401,2,'1708',342,2),
(6922,386,2,'1108',367,2),
(6923,386,2,'1108',367,2),
(6924,384,2,'1914',410,2),
(6925,423,2,'1910',348,2),
(6926,423,2,'1910',348,2),
(6927,357,2,'1917',363,2),
(6928,357,2,'1917',363,2),
(6929,369,2,'1605',436,2),
(6930,369,2,'1600',436,2),
(6931,354,2,'0003',436,2),
(6932,414,2,'1405',362,2),
(6933,360,2,'1627',440,2),
(6934,382,2,'0406',394,2),
(6935,382,2,'0406',394,2),
(6936,375,2,'0232',352,2),
(6937,400,2,'1112',434,2),
(6938,400,2,'1112',434,2),
(6939,343,2,'0362',418,2),
(6940,343,2,'1410',418,2),
(6941,382,2,'0442',420,2),
(6942,382,2,'0442',420,2),
(6943,394,2,'1419',397,2),
(6944,364,2,'1715',385,2),
(6945,367,2,'0480',343,2),
(6946,367,2,'0480',343,2),
(6947,346,2,'0561',386,2),
(6948,346,2,'1800',370,2),
(6949,346,2,'1800',370,2),
(6950,405,2,'0005',364,2),
(6951,405,2,'0005',364,2),
(6952,373,2,'0613',434,2),
(6953,373,2,'1801',434,2),
(6954,402,2,'0712',351,2),
(6955,402,2,'0712',351,2),
(6956,371,2,'1916',344,2),
(6957,371,2,'1916',344,2),
(6958,434,2,'0633',348,2),
(6959,423,2,'0170',346,2),
(6960,423,2,'0174',346,2),
(6961,343,2,'0075',354,2),
(6962,344,2,'1812',345,2),
(6963,378,2,'1203',344,2),
(6964,378,2,'1203',344,2),
(6965,436,2,'1504',344,2),
(6966,436,2,'1718',344,2),
(6967,353,2,'1003',384,2),
(6968,353,2,'1003',384,2),
(6969,410,2,'1719',361,2),
(6970,410,2,'1813',406,2),
(6971,410,2,'1704',361,2),
(6972,410,2,'0006',406,2),
(6973,349,2,'2128',370,2),
(6974,436,2,'1705',434,2),
(6975,436,2,'1705',434,2),
(6976,408,2,'0012',388,2),
(6977,408,2,'0792',388,2),
(6978,360,2,'1603',401,2),
(6979,360,2,'1802',364,2),
(6980,346,2,'0789',344,2),
(6981,346,2,'0789',344,2),
(6982,420,2,'2138',382,2),
(6983,420,2,'2138',382,2),
(6984,369,2,'0840',341,2),
(6985,369,2,'0840',341,2),
(6986,388,2,'1211',333,2),
(6987,387,2,'0013',348,2),
(6988,434,2,'0905',433,2),
(6989,340,2,'0167',390,2),
(6990,378,2,'0171',390,2),
(6991,390,2,'0014',434,2),
(6992,390,2,'0177',434,2),
(6993,434,2,'0310',346,2),
(6994,399,2,'0313',391,2),
(6995,352,1,'0019',357,3),
(6996,413,1,'1503',434,3),
(6997,373,1,'0008',364,3),
(6998,372,1,'0009',434,3),
(6999,373,1,'0008',364,3),
(7000,387,1,'0001',348,3),
(7001,404,1,'1110',386,3),
(7002,404,1,'1110',386,3),
(7003,437,1,'0062',428,3),
(7004,437,1,'0062',428,3),
(7005,437,1,'0024',342,3),
(7006,401,1,'1400',342,3),
(7007,395,1,'0076',434,3),
(7008,395,1,'1417',434,3),
(7009,395,1,'1810',348,3),
(7010,395,1,'1702',434,3),
(7011,395,1,'0002',348,3),
(7012,393,1,'0043',384,3),
(7013,393,1,'0115',384,3),
(7014,416,1,'1109',367,3),
(7015,416,1,'1109',367,3),
(7016,380,1,'0063',367,3),
(7017,380,1,'0063',367,3),
(7018,374,1,'2129',334,3),
(7019,376,1,'0434',434,3),
(7020,376,1,'0434',434,3),
(7021,412,1,'1111',346,3),
(7022,412,1,'1111',346,3),
(7023,388,1,'1209',347,3),
(7024,388,1,'1202',347,3),
(7025,368,1,'0129',437,3),
(7026,348,1,'2109',366,3),
(7027,342,1,'1721',346,3),
(7028,342,1,'1721',346,3),
(7029,383,1,'1720',385,3),
(7030,345,1,'1500',344,3),
(7031,342,1,'1604',346,3),
(7032,383,1,'1521',385,3),
(7033,345,1,'1500',344,3),
(7034,383,1,'1522',396,3),
(7035,383,1,'0138',396,3),
(7036,367,1,'1303',368,3),
(7037,367,1,'1303',368,3),
(7038,367,1,'1302',368,3),
(7039,426,1,'0071',429,3),
(7040,426,1,'0071',429,3),
(7041,352,1,'1210',357,3),
(7042,375,1,'1311',352,3),
(7043,374,1,'1418',334,3),
(7044,343,1,'0190',354,3),
(7045,343,1,'0190',354,3),
(7046,394,1,'0119',397,3),
(7047,394,1,'1401',397,3),
(7048,360,1,'1708',342,3),
(7049,386,1,'1108',367,3),
(7050,386,1,'1108',367,3),
(7051,434,1,'1914',410,3),
(7052,423,1,'1910',348,3),
(7053,423,1,'1910',348,3),
(7054,357,1,'1917',363,3),
(7055,357,1,'1917',363,3),
(7056,369,1,'1605',436,3),
(7057,369,1,'1600',436,3),
(7058,354,1,'0003',436,3),
(7059,414,1,'1405',362,3),
(7060,360,1,'1627',434,3),
(7061,382,1,'0406',394,3),
(7062,382,1,'0406',394,3),
(7063,382,1,'0406',394,3),
(7064,375,1,'0232',352,3),
(7065,400,1,'1112',434,3),
(7066,400,1,'1112',434,3),
(7067,343,1,'0362',418,3),
(7068,343,1,'1410',418,3),
(7069,382,1,'0442',420,3),
(7070,382,1,'0442',420,3),
(7071,394,1,'1419',397,3),
(7072,364,1,'1715',385,3),
(7073,389,1,'0480',343,3),
(7074,389,1,'0480',343,3),
(7075,346,1,'0561',386,3),
(7076,346,1,'1800',386,3),
(7077,346,1,'1800',386,3),
(7078,405,1,'0005',364,3),
(7079,405,1,'0005',364,3),
(7080,373,1,'0613',434,3),
(7081,373,1,'1801',434,3),
(7082,431,1,'0712',351,3),
(7083,431,1,'0712',351,3),
(7084,371,1,'1916',344,3),
(7085,371,1,'0593',344,3),
(7086,371,1,'1916',344,3),
(7087,434,1,'0633',348,3),
(7088,423,1,'0170',346,3),
(7089,423,1,'0174',346,3),
(7090,343,1,'0075',354,3),
(7091,344,1,'1812',345,3),
(7092,354,1,'1203',344,3),
(7093,354,1,'1203',344,3),
(7094,436,1,'1504',344,3),
(7095,436,1,'1718',344,3),
(7096,353,1,'1003',384,3),
(7097,353,1,'1003',384,3),
(7098,410,1,'1719',361,3),
(7099,410,1,'1813',406,3),
(7100,410,1,'1704',361,3),
(7101,410,1,'0006',406,3),
(7102,349,1,'2128',342,3),
(7103,349,1,'2128',342,3),
(7104,436,1,'1705',434,3),
(7105,436,1,'1705',434,3),
(7106,408,1,'0012',388,3),
(7107,408,1,'0792',388,3),
(7108,360,1,'1603',401,3),
(7109,360,1,'1802',364,3),
(7110,434,1,'0789',344,3),
(7111,434,1,'0789',344,3),
(7112,420,1,'2138',382,3),
(7113,420,1,'2138',382,3),
(7114,369,1,'0840',397,3),
(7115,369,1,'0840',397,3),
(7116,388,1,'1211',333,3),
(7117,387,1,'0013',348,3),
(7118,334,1,'0167',390,3),
(7119,368,1,'0171',390,3),
(7120,434,1,'0175',390,3),
(7121,356,1,'0176',390,3),
(7122,390,1,'0014',434,3),
(7123,390,1,'0177',434,3),
(7124,434,1,'0310',346,3),
(7125,399,1,'0313',436,3),
(7126,352,2,'0019',357,3),
(7127,413,2,'1503',434,3),
(7128,373,2,'0008',364,3),
(7129,372,2,'0009',434,3),
(7130,373,2,'0008',364,3),
(7131,387,2,'0001',348,3),
(7132,404,2,'1110',386,3),
(7133,404,2,'1110',386,3),
(7134,437,2,'0062',428,3),
(7135,437,2,'0062',428,3),
(7136,437,2,'0024',342,3),
(7137,401,2,'1400',342,3),
(7138,395,2,'0076',434,3),
(7139,395,2,'1417',434,3),
(7140,395,2,'1810',348,3),
(7141,395,2,'1702',434,3),
(7142,395,2,'0002',348,3),
(7143,393,2,'0043',384,3),
(7144,393,2,'0115',384,3),
(7145,416,2,'1109',367,3),
(7146,416,2,'1109',367,3),
(7147,380,2,'0063',367,3),
(7148,380,2,'0063',367,3),
(7149,374,2,'2129',334,3),
(7150,376,2,'0434',434,3),
(7151,376,2,'0434',434,3),
(7152,434,2,'1111',346,3),
(7153,434,2,'1111',346,3),
(7154,388,2,'1209',347,3),
(7155,388,2,'1202',347,3),
(7156,368,2,'0129',437,3),
(7157,348,2,'2109',366,3),
(7158,342,2,'1721',346,3),
(7159,342,2,'1721',346,3),
(7160,401,2,'1720',385,3),
(7161,345,2,'1500',344,3),
(7162,342,2,'1604',346,3),
(7163,401,2,'1521',385,3),
(7164,345,2,'1500',344,3),
(7165,383,2,'1522',396,3),
(7166,383,2,'0138',396,3),
(7167,367,2,'1303',368,3),
(7168,367,2,'1303',368,3),
(7169,429,2,'0071',426,3),
(7170,429,2,'0071',426,3),
(7171,352,2,'1210',357,3),
(7172,375,2,'1311',352,3),
(7173,374,2,'1418',334,3),
(7174,343,2,'0190',354,3),
(7175,343,2,'0190',354,3),
(7176,394,2,'0119',397,3),
(7177,394,2,'1401',397,3),
(7178,360,2,'1708',342,3),
(7179,416,2,'1108',367,3),
(7180,416,2,'1108',367,3),
(7181,434,2,'1914',410,3),
(7182,423,2,'1910',348,3),
(7183,423,2,'1910',348,3),
(7184,357,2,'1917',363,3),
(7185,357,2,'1917',363,3),
(7186,369,2,'1605',436,3),
(7187,369,2,'1600',436,3),
(7188,354,2,'0003',436,3),
(7189,414,2,'1405',362,3),
(7190,360,2,'1627',434,3),
(7191,382,2,'0406',394,3),
(7192,382,2,'0406',394,3),
(7193,375,2,'0232',352,3),
(7194,400,2,'1112',434,3),
(7195,400,2,'1112',434,3),
(7196,343,2,'0362',418,3),
(7197,343,2,'1410',418,3),
(7198,382,2,'0442',420,3),
(7199,382,2,'0442',420,3),
(7200,394,2,'1419',397,3),
(7201,364,2,'1715',385,3),
(7202,367,2,'0480',368,3),
(7203,367,2,'0480',368,3),
(7204,346,2,'0561',386,3),
(7205,346,2,'1800',386,3),
(7206,346,2,'1800',386,3),
(7207,387,2,'1908',434,3),
(7208,405,2,'0005',364,3),
(7209,405,2,'0005',364,3),
(7210,373,2,'0613',434,3),
(7211,373,2,'1801',434,3),
(7212,431,2,'0712',351,3),
(7213,431,2,'0712',351,3),
(7214,371,2,'1916',344,3),
(7215,371,2,'0593',344,3),
(7216,371,2,'1916',344,3),
(7217,434,2,'0633',348,3),
(7218,423,2,'0170',346,3),
(7219,423,2,'0174',346,3),
(7220,343,2,'0075',354,3),
(7221,344,2,'1812',345,3),
(7222,344,2,'1203',345,3),
(7223,344,2,'1203',345,3),
(7224,344,2,'1504',345,3),
(7225,344,2,'1718',345,3),
(7226,353,2,'1003',384,3),
(7227,353,2,'1003',384,3),
(7228,410,2,'1719',361,3),
(7229,410,2,'1813',406,3),
(7230,410,2,'1704',361,3),
(7231,410,2,'0006',406,3),
(7232,349,2,'2128',342,3),
(7233,349,2,'2128',342,3),
(7234,427,2,'1705',434,3),
(7235,427,2,'1705',434,3),
(7236,408,2,'0012',388,3),
(7237,408,2,'0792',388,3),
(7238,358,2,'0018',347,3),
(7239,360,2,'1603',401,3),
(7240,360,2,'1802',364,3),
(7241,434,2,'0789',344,3),
(7242,434,2,'0789',344,3),
(7243,420,2,'2138',382,3),
(7244,420,2,'2138',382,3),
(7245,369,2,'0840',397,3),
(7246,369,2,'0840',397,3),
(7247,388,2,'1211',333,3),
(7248,365,2,'0013',434,3),
(7249,387,2,'0013',348,3),
(7250,434,2,'0905',413,3),
(7251,334,2,'0167',390,3),
(7252,368,2,'0171',390,3),
(7253,434,2,'0175',390,3),
(7254,356,2,'0176',390,3),
(7255,433,2,'0308',368,3),
(7256,346,2,'0309',386,3),
(7257,434,2,'0014',413,3),
(7258,390,2,'0177',434,3),
(7259,434,2,'0310',346,3),
(7260,384,2,'0312',434,3),
(7261,413,2,'0015',434,3),
(7262,399,2,'0313',436,3),
(7263,357,1,'0019',352,4),
(7264,418,1,'1503',413,4),
(7265,372,1,'0009',434,4),
(7266,384,1,'0008',364,4),
(7267,387,1,'0001',348,4),
(7268,381,1,'1110',386,4),
(7269,368,1,'0062',428,4),
(7270,435,1,'0024',342,4),
(7271,401,1,'1400',342,4),
(7272,387,1,'0076',348,4),
(7273,387,1,'1417',348,4),
(7274,427,1,'1810',348,4),
(7275,344,1,'1702',348,4),
(7276,427,1,'0002',348,4),
(7277,393,1,'0115',384,4),
(7278,393,1,'0043',384,4),
(7279,367,1,'1109',416,4),
(7280,368,1,'0063',367,4),
(7281,374,1,'2129',334,4),
(7282,425,1,'0434',434,4),
(7283,364,1,'1111',346,4),
(7284,388,1,'1209',347,4),
(7285,388,1,'1202',347,4),
(7286,368,1,'0129',437,4),
(7287,379,1,'2109',366,4),
(7288,342,1,'1721',346,4),
(7289,342,1,'1721',346,4),
(7290,338,1,'1720',385,4),
(7291,338,1,'1720',385,4),
(7292,342,1,'1604',346,4),
(7293,338,1,'1521',385,4),
(7294,345,1,'1500',344,4),
(7295,339,1,'1522',396,4),
(7296,339,1,'0138',396,4),
(7297,411,1,'1303',368,4),
(7298,411,1,'1302',368,4),
(7299,429,1,'0071',426,4),
(7300,352,1,'1210',357,4),
(7301,375,1,'1311',352,4),
(7302,374,1,'1418',334,4),
(7303,354,1,'0190',424,4),
(7304,394,1,'0119',397,4),
(7305,394,1,'1401',397,4),
(7306,360,1,'1708',342,4),
(7307,386,1,'1108',367,4),
(7308,434,1,'1914',384,4),
(7309,379,1,'1910',348,4),
(7310,357,1,'1917',363,4),
(7311,369,1,'1605',436,4),
(7312,369,1,'1600',436,4),
(7313,354,1,'0003',436,4),
(7314,414,1,'1405',362,4),
(7315,360,1,'1627',434,4),
(7316,421,1,'0406',394,4),
(7317,375,1,'0232',352,4),
(7318,400,1,'1112',417,4),
(7319,343,1,'0362',418,4),
(7320,343,1,'1410',418,4),
(7321,382,1,'0442',421,4),
(7322,394,1,'1419',397,4),
(7323,364,1,'1715',385,4),
(7324,413,1,'0559',364,4),
(7325,367,1,'0480',368,4),
(7326,346,1,'0561',386,4),
(7327,346,1,'1800',386,4),
(7328,387,1,'1908',434,4),
(7329,405,1,'0005',364,4),
(7330,373,1,'0613',434,4),
(7331,373,1,'1801',434,4),
(7332,431,1,'0712',351,4),
(7333,371,1,'1916',344,4),
(7334,371,1,'0593',344,4),
(7335,434,1,'0633',348,4),
(7336,423,1,'0170',346,4),
(7337,423,1,'0174',346,4),
(7338,343,1,'0075',354,4),
(7339,344,1,'1812',345,4),
(7340,354,1,'1203',345,4),
(7341,436,1,'1504',398,4),
(7342,398,1,'1718',345,4),
(7343,353,1,'1003',384,4),
(7344,336,1,'1719',361,4),
(7345,410,1,'1813',406,4),
(7346,336,1,'1704',361,4),
(7347,410,1,'0006',406,4),
(7348,349,1,'2128',370,4),
(7349,434,1,'1705',427,4),
(7350,358,1,'0012',388,4),
(7351,358,1,'0792',388,4),
(7352,358,1,'0018',347,4),
(7353,360,1,'1603',401,4),
(7354,360,1,'1802',364,4),
(7355,377,1,'0789',344,4),
(7356,421,1,'2138',382,4),
(7357,369,1,'0840',397,4),
(7358,388,1,'1211',333,4),
(7359,427,1,'0013',434,4),
(7360,434,1,'0905',413,4),
(7361,340,1,'0167',433,4),
(7362,390,1,'0171',434,4),
(7363,334,1,'0175',390,4),
(7364,356,1,'0176',390,4),
(7365,434,1,'0308',368,4),
(7366,346,1,'0309',386,4),
(7367,434,1,'0014',413,4),
(7368,346,1,'0177',434,4),
(7369,407,1,'0310',346,4),
(7370,359,1,'0312',434,4),
(7371,359,1,'0015',434,4),
(7372,399,1,'0313',436,4),
(7373,357,2,'0019',352,4),
(7374,418,2,'1503',413,4),
(7375,372,2,'0009',384,4),
(7376,384,2,'0008',364,4),
(7377,387,2,'0001',348,4),
(7378,381,2,'1110',386,4),
(7379,368,2,'0062',428,4),
(7380,435,2,'0024',342,4),
(7381,413,2,'1400',342,4),
(7382,382,2,'0301',345,4),
(7383,387,2,'0076',348,4),
(7384,387,2,'1417',348,4),
(7385,427,2,'1810',348,4),
(7386,344,2,'1702',348,4),
(7387,427,2,'0002',348,4),
(7388,393,2,'0043',384,4),
(7389,393,2,'0115',384,4),
(7390,367,2,'1109',416,4),
(7391,368,2,'0063',367,4),
(7392,362,2,'2129',334,4),
(7393,425,2,'0434',434,4),
(7394,364,2,'1111',346,4),
(7395,388,2,'1209',347,4),
(7396,388,2,'1202',347,4),
(7397,368,2,'0129',437,4),
(7398,379,2,'2109',366,4),
(7399,342,2,'1721',346,4),
(7400,342,2,'1721',346,4),
(7401,338,2,'1720',385,4),
(7402,338,2,'1720',385,4),
(7403,342,2,'1604',346,4),
(7404,338,2,'1521',385,4),
(7405,345,2,'1500',344,4),
(7406,401,2,'1522',396,4),
(7407,401,2,'0138',396,4),
(7408,411,2,'1303',368,4),
(7409,411,2,'1302',368,4),
(7410,426,2,'0071',429,4),
(7411,352,2,'1210',357,4),
(7412,375,2,'1311',352,4),
(7413,362,2,'1418',334,4),
(7414,354,2,'0190',424,4),
(7415,394,2,'0119',397,4),
(7416,394,2,'1401',397,4),
(7417,360,2,'1708',342,4),
(7418,386,2,'1108',367,4),
(7419,434,2,'1914',384,4),
(7420,423,2,'1910',348,4),
(7421,357,2,'1917',363,4),
(7422,413,2,'1605',436,4),
(7423,413,2,'1600',436,4),
(7424,354,2,'0003',436,4),
(7425,414,2,'1405',362,4),
(7426,360,2,'1627',342,4),
(7427,421,2,'0406',394,4),
(7428,375,2,'0232',352,4),
(7429,400,2,'1112',417,4),
(7430,418,2,'0362',343,4),
(7431,418,2,'1410',343,4),
(7432,382,2,'0442',421,4),
(7433,394,2,'1419',397,4),
(7434,364,2,'1715',385,4),
(7435,413,2,'0559',364,4),
(7436,343,2,'0480',367,4),
(7437,343,2,'0480',367,4),
(7438,346,2,'0561',386,4),
(7439,346,2,'1800',386,4),
(7440,387,2,'1908',348,4),
(7441,405,2,'0005',364,4),
(7442,373,2,'0613',400,4),
(7443,373,2,'1801',400,4),
(7444,431,2,'0712',351,4),
(7445,371,2,'1916',344,4),
(7446,371,2,'0593',344,4),
(7447,434,2,'0633',348,4),
(7448,423,2,'0170',346,4),
(7449,423,2,'0174',346,4),
(7450,354,2,'0075',343,4),
(7451,345,2,'1812',344,4),
(7452,354,2,'1203',345,4),
(7453,436,2,'1504',398,4),
(7454,398,2,'1718',345,4),
(7455,353,2,'1003',384,4),
(7456,336,2,'0760',361,4),
(7457,336,2,'1719',361,4),
(7458,430,2,'1813',406,4),
(7459,336,2,'1704',361,4),
(7460,430,2,'0006',406,4),
(7461,349,2,'2128',370,4),
(7462,427,2,'1705',387,4),
(7463,408,2,'0012',347,4),
(7464,408,2,'0012',347,4),
(7465,408,2,'0792',347,4),
(7466,360,2,'1603',401,4),
(7467,360,2,'1802',364,4),
(7468,434,2,'0789',344,4),
(7469,421,2,'2138',382,4),
(7470,397,2,'0840',432,4),
(7471,384,2,'1211',346,4),
(7472,427,2,'0013',434,4),
(7473,334,2,'0905',413,4),
(7474,340,2,'0167',433,4),
(7475,390,2,'0171',434,4),
(7476,334,2,'0175',390,4),
(7477,356,2,'0176',390,4),
(7478,434,2,'0308',368,4),
(7479,346,2,'0309',386,4),
(7480,434,2,'0014',413,4),
(7481,346,2,'0177',360,4),
(7482,407,2,'0310',346,4),
(7483,359,2,'0015',360,4),
(7484,359,2,'0312',434,4),
(7485,399,2,'0313',436,4),
(7486,415,2,'0314',384,4),
(7487,346,2,'0315',348,4),
(7488,352,1,'0019',357,5),
(7489,413,1,'1503',434,5),
(7490,373,1,'0008',364,5),
(7491,372,1,'0009',434,5),
(7492,387,1,'0001',348,5),
(7493,404,1,'1110',386,5),
(7494,404,1,'1110',386,5),
(7495,437,1,'0062',428,5),
(7496,437,1,'0062',428,5),
(7497,434,1,'0024',342,5),
(7498,387,1,'0300',348,5),
(7499,401,1,'1400',342,5),
(7500,345,1,'0301',344,5),
(7501,395,1,'0076',434,5),
(7502,395,1,'1417',434,5),
(7503,395,1,'1810',348,5),
(7504,395,1,'1702',434,5),
(7505,395,1,'0002',348,5),
(7506,393,1,'0043',384,5),
(7507,393,1,'0115',384,5),
(7508,416,1,'1109',367,5),
(7509,416,1,'1109',367,5),
(7510,380,1,'0063',367,5),
(7511,380,1,'0063',367,5),
(7512,374,1,'2129',334,5),
(7513,377,1,'0434',434,5),
(7514,377,1,'0434',434,5),
(7515,412,1,'1111',346,5),
(7516,412,1,'1111',346,5),
(7517,412,1,'0010',346,5),
(7518,384,1,'0302',434,5),
(7519,388,1,'1209',347,5),
(7520,388,1,'1202',347,5),
(7521,346,1,'0109',342,5),
(7522,368,1,'0129',437,5),
(7523,348,1,'2109',366,5),
(7524,346,1,'1721',342,5),
(7525,346,1,'1721',342,5),
(7526,383,1,'1720',385,5),
(7527,345,1,'1500',344,5),
(7528,346,1,'1604',342,5),
(7529,383,1,'1521',385,5),
(7530,345,1,'1500',344,5),
(7531,383,1,'1522',396,5),
(7532,383,1,'0138',396,5),
(7533,367,1,'1303',368,5),
(7534,367,1,'1303',368,5),
(7535,367,1,'1302',368,5),
(7536,426,1,'0071',429,5),
(7537,426,1,'0071',429,5),
(7538,352,1,'1210',357,5),
(7539,375,1,'1311',352,5),
(7540,374,1,'1418',334,5),
(7541,343,1,'0190',354,5),
(7542,343,1,'0190',354,5),
(7543,394,1,'0119',397,5),
(7544,394,1,'1401',397,5),
(7545,360,1,'1708',342,5),
(7546,386,1,'1108',367,5),
(7547,386,1,'1108',367,5),
(7548,384,1,'1914',410,5),
(7549,423,1,'1910',348,5),
(7550,423,1,'1910',348,5),
(7551,357,1,'1917',363,5),
(7552,357,1,'1917',363,5),
(7553,369,1,'1605',436,5),
(7554,369,1,'1600',436,5),
(7555,354,1,'0003',436,5),
(7556,414,1,'1405',362,5),
(7557,360,1,'1627',434,5),
(7558,382,1,'0406',394,5),
(7559,382,1,'0406',394,5),
(7560,382,1,'0406',394,5),
(7561,385,1,'0303',346,5),
(7562,375,1,'0232',352,5),
(7563,400,1,'1112',434,5),
(7564,400,1,'1112',434,5),
(7565,343,1,'0362',418,5),
(7566,343,1,'1410',418,5),
(7567,382,1,'0442',421,5),
(7568,382,1,'0442',421,5),
(7569,394,1,'1419',397,5),
(7570,434,1,'1715',385,5),
(7571,389,1,'0480',343,5),
(7572,389,1,'0480',343,5),
(7573,346,1,'0561',386,5),
(7574,346,1,'1800',386,5),
(7575,346,1,'1800',386,5),
(7576,405,1,'0005',364,5),
(7577,405,1,'0005',364,5),
(7578,373,1,'0613',434,5),
(7579,373,1,'1801',434,5),
(7580,392,1,'0712',351,5),
(7581,431,1,'0712',351,5),
(7582,371,1,'1916',344,5),
(7583,371,1,'0593',344,5),
(7584,371,1,'1916',344,5),
(7585,434,1,'0633',348,5),
(7586,423,1,'0170',346,5),
(7587,423,1,'0174',346,5),
(7588,343,1,'0075',354,5),
(7589,344,1,'1812',345,5),
(7590,354,1,'1203',344,5),
(7591,354,1,'1203',344,5),
(7592,436,1,'1504',344,5),
(7593,436,1,'1718',344,5),
(7594,353,1,'1003',384,5),
(7595,353,1,'1003',384,5),
(7596,345,1,'0764',344,5),
(7597,410,1,'1719',361,5),
(7598,410,1,'1813',404,5),
(7599,410,1,'1704',361,5),
(7600,410,1,'0006',406,5),
(7601,349,1,'2128',342,5),
(7602,349,1,'2128',342,5),
(7603,436,1,'1705',434,5),
(7604,436,1,'1705',434,5),
(7605,408,1,'0012',388,5),
(7606,408,1,'0792',388,5),
(7607,347,1,'0018',358,5),
(7608,360,1,'1603',401,5),
(7609,360,1,'1802',364,5),
(7610,354,1,'0789',344,5),
(7611,421,1,'2138',346,5),
(7612,421,1,'2138',382,5),
(7613,369,1,'0840',397,5),
(7614,369,1,'0840',397,5),
(7615,388,1,'1211',333,5),
(7616,387,1,'0013',348,5),
(7617,395,1,'0013',434,5),
(7618,334,1,'0167',390,5),
(7619,368,1,'0171',390,5),
(7620,434,1,'0175',390,5),
(7621,356,1,'0176',390,5),
(7622,356,1,'0307',390,5),
(7623,356,1,'0308',390,5),
(7624,385,1,'0309',346,5),
(7625,434,1,'0014',390,5),
(7626,427,1,'0177',390,5),
(7627,427,1,'0310',346,5),
(7628,410,1,'0312',406,5),
(7629,399,1,'0313',436,5),
(7630,408,1,'0314',415,5),
(7631,346,1,'0315',423,5),
(7632,352,2,'0019',357,5),
(7633,413,2,'1503',434,5),
(7634,373,2,'0008',364,5),
(7635,372,2,'0009',434,5),
(7636,373,2,'0008',364,5),
(7637,387,2,'0001',348,5),
(7638,404,2,'1110',386,5),
(7639,411,2,'1110',386,5),
(7640,437,2,'0062',428,5),
(7641,437,2,'0062',428,5),
(7642,342,2,'0024',385,5),
(7643,387,2,'0300',348,5),
(7644,401,2,'1400',342,5),
(7645,345,2,'0301',344,5),
(7646,434,2,'0076',427,5),
(7647,434,2,'1417',427,5),
(7648,427,2,'1810',348,5),
(7649,434,2,'1702',427,5),
(7650,424,2,'0002',348,5),
(7651,393,2,'0115',384,5),
(7652,393,2,'0043',384,5),
(7653,416,2,'1109',367,5),
(7654,416,2,'1109',367,5),
(7655,380,2,'0063',367,5),
(7656,380,2,'0063',367,5),
(7657,374,2,'2129',334,5),
(7658,377,2,'0434',434,5),
(7659,377,2,'0434',434,5),
(7660,412,2,'1111',346,5),
(7661,412,2,'1111',346,5),
(7662,412,2,'0010',346,5),
(7663,384,2,'0302',434,5),
(7664,388,2,'1209',347,5),
(7665,388,2,'1202',347,5),
(7666,346,2,'0109',342,5),
(7667,368,2,'0129',437,5),
(7668,348,2,'2109',366,5),
(7669,346,2,'1721',342,5),
(7670,346,2,'1721',342,5),
(7671,383,2,'1720',385,5),
(7672,424,2,'1500',344,5),
(7673,346,2,'1604',342,5),
(7674,383,2,'1521',385,5),
(7675,424,2,'1500',344,5),
(7676,383,2,'1522',396,5),
(7677,383,2,'0138',396,5),
(7678,367,2,'1303',368,5),
(7679,367,2,'1303',368,5),
(7680,367,2,'1302',368,5),
(7681,426,2,'0071',429,5),
(7682,426,2,'0071',429,5),
(7683,352,2,'1210',357,5),
(7684,375,2,'1311',352,5),
(7685,374,2,'1418',334,5),
(7686,424,2,'0190',354,5),
(7687,424,2,'0190',354,5),
(7688,394,2,'1401',397,5),
(7689,394,2,'0119',397,5),
(7690,360,2,'1708',342,5),
(7691,386,2,'1108',367,5),
(7692,386,2,'1108',367,5),
(7693,384,2,'1914',410,5),
(7694,423,2,'1910',348,5),
(7695,423,2,'1910',348,5),
(7696,357,2,'1917',363,5),
(7697,357,2,'1917',363,5),
(7698,369,2,'1605',436,5),
(7699,369,2,'1600',436,5),
(7700,354,2,'0003',436,5),
(7701,414,2,'1405',362,5),
(7702,360,2,'1627',434,5),
(7703,382,2,'0406',394,5),
(7704,382,2,'0406',394,5),
(7705,382,2,'0406',394,5),
(7706,385,2,'0303',346,5),
(7707,375,2,'0232',352,5),
(7708,400,2,'1112',434,5),
(7709,400,2,'1112',434,5),
(7710,343,2,'0362',418,5),
(7711,343,2,'1410',418,5),
(7712,382,2,'0442',421,5),
(7713,394,2,'1419',397,5),
(7714,385,2,'1715',342,5),
(7715,389,2,'0480',343,5),
(7716,389,2,'0480',343,5),
(7717,346,2,'0561',386,5),
(7718,346,2,'1800',386,5),
(7719,346,2,'1800',386,5),
(7720,424,2,'1908',387,5),
(7721,405,2,'0005',364,5),
(7722,405,2,'0005',364,5),
(7723,373,2,'0613',434,5),
(7724,373,2,'1801',434,5),
(7725,431,2,'0712',351,5),
(7726,431,2,'0712',351,5),
(7727,371,2,'1916',344,5),
(7728,371,2,'0593',344,5),
(7729,371,2,'1916',344,5),
(7730,354,2,'0633',348,5),
(7731,423,2,'0170',346,5),
(7732,423,2,'0174',346,5),
(7733,343,2,'0075',354,5),
(7734,344,2,'1812',345,5),
(7735,354,2,'1203',344,5),
(7736,354,2,'1203',344,5),
(7737,436,2,'1504',344,5),
(7738,424,2,'1718',344,5),
(7739,353,2,'1003',384,5),
(7740,353,2,'1003',384,5),
(7741,345,2,'0764',344,5),
(7742,360,2,'0760',410,5),
(7743,360,2,'1719',361,5),
(7744,410,2,'1813',406,5),
(7745,360,2,'1704',361,5),
(7746,410,2,'0006',406,5),
(7747,349,2,'2128',342,5),
(7748,349,2,'2128',342,5),
(7749,436,2,'1705',434,5),
(7750,436,2,'1705',434,5),
(7751,408,2,'0012',388,5),
(7752,408,2,'0792',388,5),
(7753,347,2,'0018',358,5),
(7754,360,2,'1603',401,5),
(7755,360,2,'1802',364,5),
(7756,354,2,'0789',344,5),
(7757,354,2,'0789',344,5),
(7758,421,2,'2138',382,5),
(7759,421,2,'2138',382,5),
(7760,369,2,'0840',397,5),
(7761,369,2,'0840',397,5),
(7762,369,2,'0840',397,5),
(7763,388,2,'1211',333,5),
(7764,387,2,'0013',348,5),
(7765,387,2,'0013',434,5),
(7766,334,2,'0167',390,5),
(7767,368,2,'0171',390,5),
(7768,334,2,'0175',390,5),
(7769,356,2,'0176',390,5),
(7770,356,2,'0307',390,5),
(7771,356,2,'0308',390,5),
(7772,385,2,'0309',346,5),
(7773,427,2,'0014',390,5),
(7774,427,2,'0177',390,5),
(7775,427,2,'0310',346,5),
(7776,410,2,'0312',406,5),
(7777,399,2,'0313',436,5),
(7778,408,2,'0314',415,5),
(7779,346,2,'0315',423,5),
(7780,357,1,'0019',352,6),
(7781,418,1,'1503',413,6),
(7782,372,1,'0009',434,6),
(7783,384,1,'0008',364,6),
(7784,387,1,'0001',348,6),
(7785,381,1,'1110',386,6),
(7786,368,1,'0062',428,6),
(7787,435,1,'0024',342,6),
(7788,401,1,'1400',342,6),
(7789,387,1,'0076',348,6),
(7790,387,1,'1417',348,6),
(7791,427,1,'1810',348,6),
(7792,387,1,'1702',348,6),
(7793,427,1,'0002',348,6),
(7794,393,1,'0043',384,6),
(7795,393,1,'0115',384,6),
(7796,368,1,'1109',416,6),
(7797,416,1,'0063',367,6),
(7798,374,1,'2129',334,6),
(7799,425,1,'0434',434,6),
(7800,364,1,'1111',346,6),
(7801,388,1,'1209',347,6),
(7802,388,1,'1202',347,6),
(7803,342,1,'0109',346,6),
(7804,368,1,'0129',437,6),
(7805,379,1,'2109',366,6),
(7806,342,1,'1721',346,6),
(7807,342,1,'1721',346,6),
(7808,338,1,'1720',385,6),
(7809,338,1,'1720',385,6),
(7810,342,1,'1604',346,6),
(7811,338,1,'1521',385,6),
(7812,345,1,'1500',424,6),
(7813,437,1,'1522',396,6),
(7814,437,1,'0138',396,6),
(7815,411,1,'1303',368,6),
(7816,411,1,'1302',368,6),
(7817,429,1,'0071',426,6),
(7818,352,1,'1210',357,6),
(7819,375,1,'1311',352,6),
(7820,374,1,'1418',334,6),
(7821,354,1,'0190',424,6),
(7822,394,1,'1401',397,6),
(7823,394,1,'0119',397,6),
(7824,360,1,'1708',342,6),
(7825,386,1,'1108',367,6),
(7826,336,1,'1914',384,6),
(7827,379,1,'1910',348,6),
(7828,357,1,'1917',363,6),
(7829,413,1,'1605',434,6),
(7830,413,1,'1600',434,6),
(7831,354,1,'0003',434,6),
(7832,414,1,'1405',362,6),
(7833,360,1,'1627',434,6),
(7834,421,1,'0406',394,6),
(7835,421,1,'0406',394,6),
(7836,375,1,'0232',352,6),
(7837,400,1,'1112',417,6),
(7838,343,1,'0362',418,6),
(7839,343,1,'1410',418,6),
(7840,382,1,'0442',421,6),
(7841,394,1,'1419',397,6),
(7842,364,1,'1715',385,6),
(7843,367,1,'0480',368,6),
(7844,346,1,'0561',386,6),
(7845,346,1,'1800',386,6),
(7846,382,1,'1908',434,6),
(7847,405,1,'0005',364,6),
(7848,373,1,'0613',434,6),
(7849,373,1,'1801',434,6),
(7850,431,1,'0712',351,6),
(7851,371,1,'1916',344,6),
(7852,371,1,'0593',344,6),
(7853,434,1,'0633',348,6),
(7854,423,1,'0170',346,6),
(7855,423,1,'0174',346,6),
(7856,343,1,'0075',354,6),
(7857,345,1,'1812',424,6),
(7858,425,1,'1203',345,6),
(7859,346,1,'1504',398,6),
(7860,398,1,'1718',345,6),
(7861,353,1,'1003',384,6),
(7862,410,1,'1719',361,6),
(7863,336,1,'1813',406,6),
(7864,410,1,'1704',361,6),
(7865,336,1,'0006',406,6),
(7866,349,1,'2128',370,6),
(7867,427,1,'1705',399,6),
(7868,358,1,'0012',388,6),
(7869,358,1,'0792',388,6),
(7870,358,1,'0018',347,6),
(7871,360,1,'1603',401,6),
(7872,360,1,'1802',364,6),
(7873,377,1,'0789',344,6),
(7874,421,1,'2138',382,6),
(7875,397,1,'0840',341,6),
(7876,388,1,'1211',333,6),
(7877,427,1,'0013',434,6),
(7878,340,1,'0905',413,6),
(7879,340,1,'0167',433,6),
(7880,390,1,'0171',434,6),
(7881,334,1,'0175',390,6),
(7882,356,1,'0176',390,6),
(7883,434,1,'0308',368,6),
(7884,346,1,'0309',386,6),
(7885,434,1,'0014',413,6),
(7886,346,1,'0177',434,6),
(7887,407,1,'0310',346,6),
(7888,359,1,'0312',434,6),
(7889,359,1,'0015',434,6),
(7890,399,1,'0313',434,6),
(7891,352,2,'0019',357,6),
(7892,413,2,'1503',434,6),
(7893,373,2,'0008',364,6),
(7894,372,2,'0009',434,6),
(7895,373,2,'0008',364,6),
(7896,387,2,'0001',348,6),
(7897,411,2,'1110',386,6),
(7898,411,2,'1110',386,6),
(7899,437,2,'0062',428,6),
(7900,437,2,'0062',428,6),
(7901,342,2,'0024',385,6),
(7902,387,2,'0300',348,6),
(7903,401,2,'1400',342,6),
(7904,345,2,'0301',344,6),
(7905,434,2,'0076',427,6),
(7906,434,2,'1417',427,6),
(7907,427,2,'1810',348,6),
(7908,434,2,'1702',427,6),
(7909,424,2,'0002',348,6),
(7910,393,2,'0115',384,6),
(7911,393,2,'0043',384,6),
(7912,416,2,'1109',367,6),
(7913,416,2,'1109',367,6),
(7914,380,2,'0063',367,6),
(7915,380,2,'0063',367,6),
(7916,352,2,'2129',334,6),
(7917,377,2,'0434',434,6),
(7918,377,2,'0434',434,6),
(7919,364,2,'1111',346,6),
(7920,364,2,'1111',346,6),
(7921,412,2,'0010',346,6),
(7922,384,2,'0302',434,6),
(7923,388,2,'1209',347,6),
(7924,388,2,'1202',347,6),
(7925,346,2,'0109',342,6),
(7926,368,2,'0129',437,6),
(7927,348,2,'2109',366,6),
(7928,346,2,'1721',342,6),
(7929,385,2,'1721',342,6),
(7930,383,2,'1720',385,6),
(7931,424,2,'1500',344,6),
(7932,385,2,'1604',342,6),
(7933,383,2,'1521',385,6),
(7934,424,2,'1500',344,6),
(7935,435,2,'0138',396,6),
(7936,435,2,'1522',396,6),
(7937,367,2,'1303',411,6),
(7938,367,2,'1303',411,6),
(7939,367,2,'1302',411,6),
(7940,426,2,'0071',429,6),
(7941,426,2,'0071',429,6),
(7942,352,2,'1210',357,6),
(7943,375,2,'1311',352,6),
(7944,352,2,'1418',374,6),
(7945,424,2,'0190',354,6),
(7946,424,2,'0190',354,6),
(7947,394,2,'1401',397,6),
(7948,394,2,'0119',397,6),
(7949,360,2,'1708',342,6),
(7950,386,2,'1108',367,6),
(7951,386,2,'1108',367,6),
(7952,384,2,'1914',434,6),
(7953,423,2,'1910',348,6),
(7954,423,2,'1910',348,6),
(7955,357,2,'1917',363,6),
(7956,357,2,'1917',363,6),
(7957,378,2,'1605',434,6),
(7958,378,2,'1600',434,6),
(7959,354,2,'0003',378,6),
(7960,414,2,'1405',362,6),
(7961,360,2,'1627',434,6),
(7962,382,2,'0406',394,6),
(7963,382,2,'0406',394,6),
(7964,382,2,'0406',394,6),
(7965,385,2,'0303',346,6),
(7966,375,2,'0232',352,6),
(7967,337,2,'1112',434,6),
(7968,337,2,'1112',434,6),
(7969,343,2,'0362',418,6),
(7970,343,2,'1410',418,6),
(7971,382,2,'0442',421,6),
(7972,394,2,'1419',397,6),
(7973,385,2,'1715',342,6),
(7974,389,2,'0480',343,6),
(7975,389,2,'0480',343,6),
(7976,346,2,'0561',386,6),
(7977,346,2,'1800',386,6),
(7978,346,2,'1800',386,6),
(7979,382,2,'1908',387,6),
(7980,405,2,'0005',364,6),
(7981,405,2,'0005',364,6),
(7982,373,2,'0613',434,6),
(7983,373,2,'1801',434,6),
(7984,404,2,'0712',351,6),
(7985,404,2,'0712',351,6),
(7986,371,2,'1916',344,6),
(7987,371,2,'0593',344,6),
(7988,371,2,'1916',344,6),
(7989,354,2,'0633',348,6),
(7990,423,2,'0170',346,6),
(7991,423,2,'0174',346,6),
(7992,343,2,'0075',354,6),
(7993,344,2,'1812',345,6),
(7994,354,2,'1203',344,6),
(7995,354,2,'1203',344,6),
(7996,346,2,'1504',344,6),
(7997,424,2,'1718',344,6),
(7998,353,2,'1003',384,6),
(7999,353,2,'1003',384,6),
(8000,345,2,'0764',344,6),
(8001,360,2,'0760',361,6),
(8002,360,2,'1719',361,6),
(8003,360,2,'1813',406,6),
(8004,336,2,'1704',361,6),
(8005,360,2,'0006',406,6),
(8006,349,2,'2128',342,6),
(8007,349,2,'2128',342,6),
(8008,427,2,'1705',399,6),
(8009,427,2,'1705',399,6),
(8010,408,2,'0012',388,6),
(8011,408,2,'0792',388,6),
(8012,347,2,'0018',358,6),
(8013,360,2,'1603',401,6),
(8014,360,2,'1802',364,6),
(8015,354,2,'0789',344,6),
(8016,354,2,'0789',344,6),
(8017,421,2,'2138',382,6),
(8018,421,2,'2138',382,6),
(8019,434,2,'0840',397,6),
(8020,434,2,'0840',397,6),
(8021,434,2,'0840',397,6),
(8022,388,2,'1211',333,6),
(8023,387,2,'0013',348,6),
(8024,387,2,'0013',434,6),
(8025,334,2,'0167',378,6),
(8026,368,2,'0171',356,6),
(8027,334,2,'0175',340,6),
(8028,413,2,'0176',433,6),
(8029,434,2,'0307',433,6),
(8030,346,2,'0308',433,6),
(8031,385,2,'0309',346,6),
(8032,427,2,'0014',434,6),
(8033,427,2,'0177',434,6),
(8034,427,2,'0310',346,6),
(8035,399,2,'0313',427,6),
(8036,346,2,'0315',423,6),
(8037,352,1,'0019',414,7),
(8038,333,1,'1503',334,7),
(8039,384,1,'0008',373,7),
(8040,372,1,'0009',373,7),
(8041,384,1,'0008',373,7),
(8042,387,1,'0001',348,7),
(8043,411,1,'1110',416,7),
(8044,411,1,'1110',416,7),
(8045,437,1,'0062',411,7),
(8046,437,1,'0062',411,7),
(8047,385,1,'0024',342,7),
(8048,385,1,'0024',342,7),
(8049,387,1,'0300',348,7),
(8050,342,1,'1400',385,7),
(8051,345,1,'0301',425,7),
(8052,387,1,'0076',348,7),
(8053,387,1,'1417',348,7),
(8054,387,1,'1810',348,7),
(8055,387,1,'1702',348,7),
(8056,387,1,'0002',348,7),
(8057,393,1,'0043',349,7),
(8058,416,1,'1109',411,7),
(8059,416,1,'1109',411,7),
(8060,368,1,'0063',437,7),
(8061,368,1,'0063',437,7),
(8062,352,1,'2129',362,7),
(8063,377,1,'0434',397,7),
(8064,377,1,'0434',397,7),
(8065,378,1,'1111',364,7),
(8066,378,1,'1111',364,7),
(8067,412,1,'0010',378,7),
(8068,384,1,'0302',373,7),
(8069,388,1,'1209',362,7),
(8070,388,1,'1202',362,7),
(8071,346,1,'0109',385,7),
(8072,368,1,'0129',411,7),
(8073,348,1,'2109',387,7),
(8074,385,1,'1721',346,7),
(8075,385,1,'1721',346,7),
(8076,385,1,'1720',346,7),
(8077,378,1,'1500',425,7),
(8078,385,1,'1604',346,7),
(8079,378,1,'1500',425,7),
(8080,385,1,'1521',346,7),
(8081,383,1,'1522',385,7),
(8082,383,1,'0138',385,7),
(8083,416,1,'1303',411,7),
(8084,416,1,'1303',411,7),
(8085,416,1,'1302',411,7),
(8086,335,1,'0071',404,7),
(8087,335,1,'0071',404,7),
(8088,357,1,'1210',388,7),
(8089,362,1,'1311',388,7),
(8090,362,1,'1418',388,7),
(8091,425,1,'0190',378,7),
(8092,425,1,'0190',378,7),
(8093,416,1,'1401',404,7),
(8094,416,1,'0119',404,7),
(8095,385,1,'1708',346,7),
(8096,416,1,'1108',404,7),
(8097,416,1,'1108',404,7),
(8098,430,1,'1914',360,7),
(8099,423,1,'1910',346,7),
(8100,423,1,'1910',346,7),
(8101,357,1,'1917',414,7),
(8102,357,1,'1917',414,7),
(8103,354,1,'1605',369,7),
(8104,354,1,'1600',369,7),
(8105,354,1,'0003',369,7),
(8106,362,1,'1405',357,7),
(8107,440,1,'1627',385,7),
(8108,382,1,'0406',421,7),
(8109,382,1,'0406',421,7),
(8110,382,1,'0406',421,7),
(8111,385,1,'0303',342,7),
(8112,357,1,'0232',362,7),
(8113,434,1,'1112',346,7),
(8114,434,1,'1112',346,7),
(8115,343,1,'0362',411,7),
(8116,343,1,'1410',411,7),
(8117,430,1,'8702',360,7),
(8118,382,1,'0442',425,7),
(8119,416,1,'1419',411,7),
(8120,385,1,'1715',346,7),
(8121,411,1,'0480',404,7),
(8122,411,1,'0480',404,7),
(8123,346,1,'0561',385,7),
(8124,346,1,'1800',385,7),
(8125,346,1,'1800',385,7),
(8126,382,1,'1908',348,7),
(8127,405,1,'0005',434,7),
(8128,373,1,'0613',410,7),
(8129,373,1,'1801',410,7),
(8130,381,1,'0712',369,7),
(8131,381,1,'0712',369,7),
(8132,371,1,'1916',385,7),
(8133,371,1,'0593',385,7),
(8134,371,1,'1916',385,7),
(8135,354,1,'0633',369,7),
(8136,423,1,'0170',346,7),
(8137,423,1,'0174',346,7),
(8138,343,1,'0075',364,7),
(8139,344,1,'1812',346,7),
(8140,346,1,'1203',434,7),
(8141,346,1,'1203',434,7),
(8142,434,1,'1504',425,7),
(8143,434,1,'1718',425,7),
(8144,388,1,'1003',357,7),
(8145,388,1,'1003',357,7),
(8146,430,1,'0760',360,7),
(8147,430,1,'1719',360,7),
(8148,430,1,'1813',360,7),
(8149,430,1,'1704',360,7),
(8150,430,1,'0006',360,7),
(8151,349,1,'2128',385,7),
(8152,349,1,'2128',385,7),
(8153,427,1,'1705',332,7),
(8154,427,1,'1705',332,7),
(8155,408,1,'0012',357,7),
(8156,408,1,'0792',357,7),
(8157,408,1,'0018',357,7),
(8158,385,1,'1603',346,7),
(8159,385,1,'1802',346,7),
(8160,377,1,'0789',434,7),
(8161,377,1,'0789',434,7),
(8162,421,1,'2138',382,7),
(8163,421,1,'2138',382,7),
(8164,341,1,'0840',369,7),
(8165,341,1,'0840',369,7),
(8166,341,1,'0840',369,7),
(8167,408,1,'1211',388,7),
(8168,387,1,'0013',348,7),
(8169,334,1,'0167',333,7),
(8170,340,1,'0171',434,7),
(8171,438,1,'0175',346,7),
(8172,356,1,'0176',434,7),
(8173,434,1,'0307',346,7),
(8174,423,1,'0308',346,7),
(8175,385,1,'0309',342,7),
(8176,427,1,'0014',412,7),
(8177,422,1,'0310',344,7),
(8178,430,1,'0312',360,7),
(8179,415,1,'0314',414,7),
(8180,346,1,'0315',423,7),
(8181,357,2,'0019',414,7),
(8182,333,2,'1503',334,7),
(8183,384,2,'0008',373,7),
(8184,372,2,'0009',373,7),
(8185,384,2,'0008',373,7),
(8186,387,2,'0001',348,7),
(8187,411,2,'1110',416,7),
(8188,411,2,'1110',416,7),
(8189,437,2,'0062',411,7),
(8190,437,2,'0062',411,7),
(8191,342,2,'0024',346,7),
(8192,342,2,'0024',346,7),
(8193,387,2,'0300',348,7),
(8194,342,2,'1400',385,7),
(8195,387,2,'0076',348,7),
(8196,387,2,'1417',348,7),
(8197,387,2,'1810',348,7),
(8198,387,2,'1702',348,7),
(8199,387,2,'0002',348,7),
(8200,393,2,'0043',349,7),
(8201,416,2,'1109',411,7),
(8202,416,2,'1109',411,7),
(8203,368,2,'0063',437,7),
(8204,368,2,'0063',437,7),
(8205,364,2,'1111',378,7),
(8206,364,2,'1111',378,7),
(8207,412,2,'0010',378,7),
(8208,384,2,'0302',373,7),
(8209,388,2,'1209',362,7),
(8210,388,2,'1202',362,7),
(8211,346,2,'0109',385,7),
(8212,368,2,'0129',411,7),
(8213,342,2,'2109',387,7),
(8214,342,2,'1721',346,7),
(8215,342,2,'1721',346,7),
(8216,342,2,'1720',346,7),
(8217,378,2,'1500',425,7),
(8218,342,2,'1604',346,7),
(8219,378,2,'1500',425,7),
(8220,342,2,'1521',346,7),
(8221,383,2,'0138',385,7),
(8222,383,2,'1522',385,7),
(8223,416,2,'1303',411,7),
(8224,416,2,'1303',411,7),
(8225,416,2,'1302',411,7),
(8226,335,2,'0071',404,7),
(8227,335,2,'0071',404,7),
(8228,357,2,'1210',388,7),
(8229,362,2,'1311',388,7),
(8230,362,2,'1418',388,7),
(8231,425,2,'0190',378,7),
(8232,425,2,'0190',378,7),
(8233,416,2,'1401',404,7),
(8234,416,2,'0119',404,7),
(8235,385,2,'1708',346,7),
(8236,416,2,'1108',404,7),
(8237,416,2,'1108',404,7),
(8238,430,2,'1914',360,7),
(8239,423,2,'1910',346,7),
(8240,423,2,'1910',346,7),
(8241,357,2,'1917',414,7),
(8242,357,2,'1917',414,7),
(8243,354,2,'1605',369,7),
(8244,354,2,'1600',369,7),
(8245,354,2,'0003',369,7),
(8246,362,2,'1405',357,7),
(8247,440,2,'1627',385,7),
(8248,382,2,'0406',421,7),
(8249,382,2,'0406',421,7),
(8250,382,2,'0406',421,7),
(8251,385,2,'0303',342,7),
(8252,357,2,'0232',362,7),
(8253,434,2,'1112',346,7),
(8254,434,2,'1112',346,7),
(8255,343,2,'0362',411,7),
(8256,343,2,'1410',411,7),
(8257,430,2,'8702',360,7),
(8258,416,2,'1419',411,7),
(8259,385,2,'1715',346,7),
(8260,411,2,'0480',404,7),
(8261,411,2,'0480',404,7),
(8262,346,2,'0561',385,7),
(8263,342,2,'1800',385,7),
(8264,342,2,'1800',385,7),
(8265,405,2,'0005',434,7),
(8266,373,2,'0613',410,7),
(8267,373,2,'1801',410,7),
(8268,381,2,'0712',369,7),
(8269,381,2,'0712',369,7),
(8270,371,2,'1916',385,7),
(8271,371,2,'0593',385,7),
(8272,371,2,'1916',385,7),
(8273,354,2,'0633',369,7),
(8274,423,2,'0170',346,7),
(8275,423,2,'0174',346,7),
(8276,343,2,'0075',364,7),
(8277,344,2,'1812',346,7),
(8278,378,2,'1203',434,7),
(8279,378,2,'1203',434,7),
(8280,434,2,'1504',425,7),
(8281,434,2,'1718',425,7),
(8282,388,2,'1003',357,7),
(8283,388,2,'1003',357,7),
(8284,430,2,'0760',360,7),
(8285,430,2,'1719',360,7),
(8286,430,2,'1813',360,7),
(8287,430,2,'1704',360,7),
(8288,430,2,'0006',360,7),
(8289,349,2,'2128',385,7),
(8290,349,2,'2128',385,7),
(8291,427,2,'1705',332,7),
(8292,427,2,'1705',332,7),
(8293,408,2,'0012',357,7),
(8294,408,2,'0792',357,7),
(8295,408,2,'0018',357,7),
(8296,385,2,'1603',346,7),
(8297,385,2,'1802',346,7),
(8298,421,2,'2138',382,7),
(8299,421,2,'2138',382,7),
(8300,341,2,'0840',369,7),
(8301,341,2,'0840',369,7),
(8302,341,2,'0840',369,7),
(8303,408,2,'1211',388,7),
(8304,387,2,'0013',348,7),
(8305,334,2,'0167',333,7),
(8306,340,2,'0171',434,7),
(8307,438,2,'0175',346,7),
(8308,356,2,'0176',434,7),
(8309,434,2,'0307',346,7),
(8310,423,2,'0308',346,7),
(8311,385,2,'0309',342,7),
(8312,427,2,'0014',412,7),
(8313,422,2,'0310',344,7),
(8314,430,2,'0312',360,7),
(8315,415,2,'0314',414,7),
(8316,346,2,'0315',423,7),
(8317,352,1,'0019',357,1),
(8318,388,1,'1503',434,1),
(8319,384,1,'0008',364,1),
(8320,398,1,'0009',372,1),
(8321,384,1,'0008',364,1),
(8322,367,1,'1110',386,1),
(8323,367,1,'1110',386,1),
(8324,437,1,'0062',428,1),
(8325,437,1,'0062',428,1),
(8326,437,1,'0024',342,1),
(8327,401,1,'1400',342,1),
(8328,348,1,'0076',434,1),
(8329,348,1,'1417',434,1),
(8330,348,1,'1702',434,1),
(8331,387,1,'0002',348,1),
(8332,393,1,'0043',384,1),
(8333,416,1,'1109',367,1),
(8334,416,1,'1109',367,1),
(8335,351,1,'0063',367,1),
(8336,351,1,'0063',367,1),
(8337,374,1,'2129',334,1),
(8338,374,1,'2103',334,1),
(8339,376,1,'0434',434,1),
(8340,376,1,'0434',434,1),
(8341,378,1,'1111',412,1),
(8342,378,1,'1111',412,1),
(8343,388,1,'1209',347,1),
(8344,388,1,'1202',347,1),
(8345,360,1,'0112',364,1),
(8346,360,1,'0114',364,1),
(8347,368,1,'0129',437,1),
(8348,348,1,'2109',366,1),
(8349,385,1,'1721',346,1),
(8350,438,1,'1720',385,1),
(8351,405,1,'1500',344,1),
(8352,342,1,'1604',370,1),
(8353,438,1,'1521',385,1),
(8354,405,1,'1500',344,1),
(8355,419,1,'0138',409,1),
(8356,419,1,'1522',409,1),
(8357,416,1,'1303',409,1),
(8358,416,1,'1303',409,1),
(8359,416,1,'1303',367,1),
(8360,416,1,'1302',409,1),
(8361,426,1,'0071',429,1),
(8362,426,1,'0071',429,1),
(8363,352,1,'1210',357,1),
(8364,362,1,'1311',352,1),
(8365,414,1,'1418',362,1),
(8366,424,1,'0190',354,1),
(8367,424,1,'0190',354,1),
(8368,394,1,'0119',397,1),
(8369,394,1,'1401',397,1),
(8370,401,1,'1708',342,1),
(8371,345,1,'1108',367,1),
(8372,345,1,'1108',367,1),
(8373,345,1,'1108',367,1),
(8374,430,1,'1914',410,1),
(8375,346,1,'1910',348,1),
(8376,346,1,'1910',348,1),
(8377,363,1,'1917',357,1),
(8378,354,1,'0401',434,1),
(8379,413,1,'1605',436,1),
(8380,413,1,'1600',436,1),
(8381,434,1,'0003',436,1),
(8382,414,1,'1405',362,1),
(8383,421,1,'0406',394,1),
(8384,421,1,'0406',394,1),
(8385,362,1,'0232',352,1),
(8386,373,1,'1107',434,1),
(8387,373,1,'1112',434,1),
(8388,373,1,'1112',434,1),
(8389,343,1,'0362',418,1),
(8390,343,1,'1410',418,1),
(8391,382,1,'0442',421,1),
(8392,382,1,'0442',421,1),
(8393,394,1,'1419',397,1),
(8394,364,1,'1715',385,1),
(8395,386,1,'0480',367,1),
(8396,386,1,'0480',367,1),
(8397,346,1,'0561',386,1),
(8398,346,1,'1800',370,1),
(8399,346,1,'1800',370,1),
(8400,370,1,'0617',386,1),
(8401,434,1,'0613',373,1),
(8402,434,1,'1801',373,1),
(8403,381,1,'0712',351,1),
(8404,381,1,'0712',351,1),
(8405,371,1,'1916',344,1),
(8406,434,1,'0633',348,1),
(8407,424,1,'0075',354,1),
(8408,378,1,'1203',344,1),
(8409,378,1,'1203',344,1),
(8410,436,1,'1504',344,1),
(8411,366,1,'1003',352,1),
(8412,384,1,'0760',361,1),
(8413,384,1,'1704',361,1),
(8414,430,1,'0006',410,1),
(8415,385,1,'2128',370,1),
(8416,385,1,'2128',370,1),
(8417,385,1,'2135',370,1),
(8418,436,1,'1705',434,1),
(8419,436,1,'1705',434,1),
(8420,347,1,'0012',388,1),
(8421,347,1,'0792',388,1),
(8422,360,1,'1603',401,1),
(8423,360,1,'1802',364,1),
(8424,434,1,'0789',344,1),
(8425,434,1,'0789',344,1),
(8426,382,1,'2138',421,1),
(8427,382,1,'2138',421,1),
(8428,369,1,'0840',341,1),
(8429,369,1,'0840',341,1),
(8430,388,1,'1211',333,1),
(8431,350,1,'0855',362,1),
(8432,387,1,'0013',348,1),
(8433,387,1,'0013',348,1),
(8434,434,1,'0905',433,1),
(8435,439,1,'0167',390,1),
(8436,422,1,'0014',436,1),
(8437,355,1,'0312',430,1);
/*!40000 ALTER TABLE `historico` ENABLE KEYS */;
UNLOCK TABLES;

--
-- Table structure for table `materias`
--

DROP TABLE IF EXISTS `materias`;
/*!40101 SET @saved_cs_client     = @@character_set_client */;
/*!40101 SET character_set_client = utf8mb4 */;
CREATE TABLE `materias` (
  `semestre` enum('1','2','3','4','5','6','7','8','9','OP') NOT NULL,
  `creditos` int(11) NOT NULL,
  `nombre_materia` varchar(150) NOT NULL,
  `clave_materia` varchar(50) NOT NULL,
  PRIMARY KEY (`clave_materia`),
  UNIQUE KEY `clave_materia` (`clave_materia`)
) ENGINE=InnoDB DEFAULT CHARSET=utf8mb4 COLLATE=utf8mb4_general_ci;
/*!40101 SET character_set_client = @saved_cs_client */;

--
-- Dumping data for table `materias`
--

LOCK TABLES `materias` WRITE;
/*!40000 ALTER TABLE `materias` DISABLE KEYS */;
INSERT INTO `materias` VALUES
('OP',8,'ADQUISICION DE DATOS','0001'),
('OP',8,'BASES DE DATOS II','0002'),
('OP',8,'INGENIERIA DE SOFTWARE II','0003'),
('OP',8,'MODELADO Y SIMULACION','0005'),
('OP',10,'REDES DE COMPUTADORAS II (L)','0006'),
('OP',10,'REDES DE COMPUTADORAS III (L)','0007'),
('OP',8,'ADMINISTRACION SISTEMAS MULTIUSUAR','0008'),
('OP',8,'ADMON.DE TECNOLOGIAS DE LA INFORM','0009'),
('OP',8,'COMPUTO DISTRIBUIDO Y PARALELO','0010'),
('OP',6,'SEMINARIO DE INGENIERIA EN COMPUT.','0012'),
('OP',8,'TEMAS ESPECIALES DE BASES DE DATOS','0013'),
('OP',8,'TEMAS ESPECIALES DE PROGRAMACION','0014'),
('OP',8,'TEMAS ESPECIALES DE REDES','0015'),
('OP',8,'VISUALIZACION','0016'),
('OP',8,'SEMINARIO INGENIERIA EN COMPUTACION','0018'),
('2',8,'ADMINISTRACION CONTABILIDAD Y COSTOS','0019'),
('4',10,'ANALISIS DE CIRCUITOS ELECTRICOS (L)','0024'),
('OP',8,'BIOINGENIERIA OPTATIVA','0043'),
('2',9,'ALGEBRA LINEAL','0062'),
('2',9,'CALCULO VECTORIAL','0063'),
('3',11,'ELECTRICIDAD Y MAGNETISMO (L)','0071'),
('2',8,'PROGRAMACION ESTRUCTURADA Y CARACTERISTICAS DE LENGUAJES','0075'),
('7',8,'BASES DE DATOS','0076'),
('8',10,'COMUNICACIONES DIGITALES (L)','0109'),
('7',10,'CONTROL ANALOGICO (L)','0112'),
('8',10,'CONTROL DIGITAL (L)','0114'),
('OP',8,'BIOINGENIERIA','0115'),
('4',8,'ESTRUCTURAS DISCRETAS','0119'),
('7',8,'DINAMICA DE SISTEMAS FISICOS','0129'),
('5',9,'DISPOSITIVOS ELECTRONICOS (L)','0138'),
('OP',8,'MOVILIDAD 1','0166'),
('OP',8,'TEMAS ESPECIALES DE COMPUTACION 1','0167'),
('OP',8,'MOVILIDAD 2','0169'),
('OP',8,'PROGRAMACION DE VIDEOJUEGOS 1','0170'),
('OP',8,'TEMAS ESPECIALES DE COMPUTACION 2','0171'),
('OP',8,'MOVILIDAD 3','0172'),
('OP',8,'MOVILIDAD 4','0173'),
('OP',8,'PROGRAMACION DE VIDEOJUEGOS 2','0174'),
('OP',8,'TEMAS ESPECIALES DE COMPUTACION 3','0175'),
('OP',8,'TEMAS ESPECIALES DE COMPUTACION 4','0176'),
('OP',8,'TEMAS ESPECIALES DE PROGRAMACION 1','0177'),
('3',8,'ESTRUCTURA DE DATOS','0190'),
('3',8,'INTRODUCCION A LA ECONOMIA','0232'),
('OP',8,'ANALISIS DE MACRODATOS','0300'),
('OP',8,'APRENDIZAJE AUTOMATICO','0301'),
('OP',8,'COMPUTO EN LA NUBE','0302'),
('OP',8,'INTERNET DE LAS COSAS','0303'),
('OP',8,'MOVILIDAD 5','0304'),
('OP',8,'MOVILIDAD 6','0305'),
('OP',8,'PROGRAMACION MOVIL 2','0306'),
('OP',8,'TEMAS ESPECIALES DE COMPUTACION 5','0307'),
('OP',8,'TEMAS ESPECIALES DE COMPUTACION 6','0308'),
('OP',8,'TEMAS ESPECIALES DE HARDWARE','0309'),
('OP',8,'TEMAS ESPECIALES DE PROGRAMACION 2','0310'),
('OP',8,'TEMAS ESPECIALES DE REDES','0312'),
('OP',8,'TEMAS ESPECIALES DE SEGURIDAD INFORM','0313'),
('OP',8,'VINCULACION EMPRESARIAL','0314'),
('OP',8,'VISUALIZACION','0315'),
('6',10,'INVESTIGACION DE OPERACIONES','0362'),
('4',8,'INGENIERIA DE SISTEMAS','0401'),
('9',8,'INTELIGENCIA ARTIFICIAL','0406'),
('6',8,'COMPILADORES','0434'),
('5',8,'LENGUAJES FORMALES Y AUTOMATAS','0442'),
('3',9,'METODOS NUMERICOS','0480'),
('7',10,'MEMORIAS Y PERIFERICOS','0559'),
('9',10,'MICROCOMPUTADORAS','0561'),
('OP',8,'PROCESAMIENTO DIGIT.SEALES','0593'),
('9',8,'ORGANIZACION Y ADMINISTRACION DE CENTRO DE COMPUTO','0613'),
('8',8,'ORGANIZACION DE COMPUTADORAS','0617'),
('5',8,'PROGRAMACION DE SISTEMAS','0633'),
('4',9,'PROBABILIDAD Y ESTADISTICA','0712'),
('OP',8,'REDES DE COMPUTADORA','0760'),
('OP',8,'RECONOCIMIENTO DE PATRONES','0764'),
('7',8,'SISTEMAS DE INFORMACION','0789'),
('4',10,'SEMINARIO DE INGENIERIA EN COMPUTACION.','0792'),
('6',8,'SISTEMAS OPERATIVOS','0840'),
('4',8,'TECNICAS DE EVALUACION ECONOMICA','0855'),
('OP',8,'TEM.ESP.DE COMPUTACION','0905'),
('OP',8,'PROYECTO ESCUELA-INDUSTRIA','1003'),
('1',6,'INTRODUCCION A LA INGENIERIA','1107'),
('1',9,'GEOMETRIA ANALITICA','1108'),
('1',9,'CALCULO DIFERENCIAL E INTEGRAL','1109'),
('1',9,'ALGEBRA','1110'),
('1',9,'COMPUTADORAS Y PROGRAMACION','1111'),
('1',6,'INTRODUCCION A LA INGENIERIA EN COMPUTACION','1112'),
('2',6,'COMUNICACION ORAL Y ESCRITA','1202'),
('2',8,'PROGRAMACION ORIENTADA A OBJETOS','1203'),
('2',8,'COMUNICACION','1209'),
('2',8,'EMPRENDIMIENTO 1','1210'),
('2',3,'TALLER DE CREATIVIDAD E INNOVACION','1211'),
('3',6,'ECUACIONES DIFERENCIALES.','1302'),
('3',9,'ECUACIONES DIFERENCIALES','1303'),
('3',8,'EMPRENDIMIENTO 2','1311'),
('4',8,'ANALISIS DE SISTEMAS Y SEALES','1400'),
('4',9,'ESTRUCTURAS DISCRETAS','1401'),
('4',8,'INGENIERIA ECONOMICA','1405'),
('4',8,'INVESTIGACION DE OPERACIONES Y SISTEMAS','1410'),
('4',8,'BASES DE DATOS 1','1417'),
('4',8,'EMPRENDIMIENTO 3','1418'),
('4',9,'MATEMATICAS DISCRETAS','1419'),
('5',9,'DISEO Y ANALISIS DE ALGORITMOS','1500'),
('5',8,'ADMINISTRACION DE PROYECTOS','1503'),
('5',9,'PROGRAMACION WEB 1','1504'),
('5',10,'DISEO LOGICO (L)','1521'),
('4',10,'DISPOSITIVOS ELECTRONICOS (L)','1522'),
('6',8,'INGENIERIA DE SOFTWARE I','1600'),
('6',10,'SISTEMAS DE COMUNICACIONES (L)','1603'),
('6',10,'DISEO DE SISTEMAS DIGITALES (L)','1604'),
('6',8,'INGENIERIA DE SOFTWARE','1605'),
('OP',8,'INSTRUMENTACION Y CONTROL','1627'),
('7',9,'BASES DE DATOS I','1702'),
('7',10,'REDES DE COMPUTADORAS I (L)','1704'),
('9',8,'SEGURIDAD INFORMATICA','1705'),
('7',10,'FILTRADO Y MODULACION (L)','1708'),
('5',10,'MEDICION E INSTRUMENTACION','1715'),
('7',9,'PROGRAMACION WEB 2','1718'),
('7',10,'REDES DE COMPUTADORAS 1 (L)','1719'),
('6',10,'DISEO LOGICO (L)','1720'),
('7',10,'DISEO DE SISTEMAS DIGITALES','1721'),
('7',10,'MICROPROCESADORES Y MICROCONTROLADORES (L)','1800'),
('8',8,'ORGANIZACION Y ADMINISTRACION DE CENTROS DE COMPUTO','1801'),
('8',9,'SISTEMAS DE CONTROL','1802'),
('8',8,'BASES DE DATOS 2','1810'),
('8',9,'PROGRAMACION MOVIL 1','1812'),
('8',8,'REDES DE COMPUTADORAS 2','1813'),
('9',8,'MINERIA DE DATOS','1908'),
('OP',8,'GRAFICACION POR COMPUTADORA','1910'),
('9',8,'GESTION DE REDES DE COMPUTADORAS (L)','1914'),
('OP',8,'PROCESAMIENTO DIGITAL DE IMAGENES','1916'),
('8',8,'HABILIDADES DIRECTIVAS','1917'),
('OP',8,'CALIDAD','2103'),
('OP',8,'DISEO ASISTIDO POR COMPUTAD','2109'),
('OP',8,'ROBOTICA','2128'),
('6',10,'CALIDAD','2129'),
('OP',10,'ROBOTICA.','2135'),
('OP',8,'SISTEMAS EXPERTOS','2138'),
('7',10,'LAB REDES DE COMPUTADORAS I','8702');
/*!40000 ALTER TABLE `materias` ENABLE KEYS */;
UNLOCK TABLES;

--
-- Table structure for table `profesor`
--

DROP TABLE IF EXISTS `profesor`;
/*!40101 SET @saved_cs_client     = @@character_set_client */;
/*!40101 SET character_set_client = utf8mb4 */;
CREATE TABLE `profesor` (
  `id_prof` int(11) NOT NULL AUTO_INCREMENT,
  `nombre` varchar(50) NOT NULL,
  PRIMARY KEY (`id_prof`)
) ENGINE=InnoDB AUTO_INCREMENT=441 DEFAULT CHARSET=utf8mb4 COLLATE=utf8mb4_general_ci;
/*!40101 SET character_set_client = @saved_cs_client */;

--
-- Dumping data for table `profesor`
--

LOCK TABLES `profesor` WRITE;
/*!40000 ALTER TABLE `profesor` DISABLE KEYS */;
INSERT INTO `profesor` VALUES
(332,'AGUILAR HERNANDEZ JOSE FRANCISCO'),
(333,'ALBA VILLA BELEN ANAID'),
(334,'ALMANZAR VAZQUEZ MARIA GUADALUPE'),
(335,'ALVAREZ SORIANO MANUEL ALEJANDRO'),
(336,'ANAYA MANILA DZOARA IVETTE'),
(337,'ARELLANO OROZCO JUAN MANUEL'),
(338,'ARELLANO RIVERA ESTEBAN'),
(339,'ARMENTA SOSA HORACIO'),
(340,'AVILA GARCIA JOSE ANTONIO'),
(341,'AYALA PEA ESTEBAN'),
(342,'BERNAL DIAZ ARCELIA'),
(343,'BLANCO BAUTISTA ROBERTO'),
(344,'CAMACHO ALVAREZ JUAN CARLOS'),
(345,'CAMPOS BRAVO JORGE IVAN'),
(346,'CANDELARIO ALAVEZ JORGE LUIS'),
(347,'CANO SANTOS BERENICE'),
(348,'CANTO GALLO RAFAEL'),
(349,'CASTRO DIAZ JOSE DANIEL'),
(350,'CERVANTES PATIO MOISES'),
(351,'CHAPA PLATA MARTHA'),
(352,'COLUNGA VAZQUEZ MATILDE'),
(353,'COVARRUBIAS RODRIGUEZ FERNANDO ROBERTO'),
(354,'CRUZ LUEVANO BLANCA ESTELA'),
(355,'DELGADO VIEYRA SANDRA NAYELI'),
(356,'ESCONDRILLAS MAYA CARLOS'),
(357,'FERIA VICTORIA MARIA ANGELICA'),
(358,'FLORES DIAZ IMELDA DE LA LUZ'),
(359,'GALICIA RANGEL GILDA'),
(360,'GARCIA GUZMAN ENRIQUE'),
(361,'GARCIA MONROY JOSE ANTONIO'),
(362,'GARCIA VILLANUEVA MA. DEL PILAR'),
(363,'GARIBAY PEDRAZA ALMA LILIA'),
(364,'GASTALDI PEREZ JUAN'),
(365,'GERMAN ROSAS CESAR FRANCISCO'),
(366,'GONZALEZ AYALA LUIS ENRIQUE'),
(367,'GONZALEZ BETANCOURT RAFAEL'),
(368,'GONZALEZ HERNANDEZ GERARDO'),
(369,'GONZALEZ HERNANDEZ MARIA GABRIELA'),
(370,'GONZALEZ MAXINEZ DAVID JAIME'),
(371,'GONZALEZ PONCE ALEJANDRO RENE'),
(372,'GOYTIA HERRERA MARCO INTI'),
(373,'GRADA HUERTA IVAN'),
(374,'GUERRERO SANTAMARIA EFREN'),
(375,'GUTIERREZ CASTILLO ALMA ROSA'),
(376,'GUTIERREZ OROZCO RICARDO'),
(377,'GUTIERREZ OROZCO RICARDO ARTURO'),
(378,'HERNANDEZ CABRERA JESUS'),
(379,'HERNANDEZ CERVANTES LILIANA'),
(380,'HERNANDEZ GALICIA SALOMON'),
(381,'HERNANDEZ LOPEZ SERGIO'),
(382,'JUAREZ ROBLES ELIZABETH'),
(383,'LOPEZ CARRETO JUAN MANUEL'),
(384,'LOPEZ HERNANDEZ JORGE ARTURO'),
(385,'LOZANO MENDEZ EFREN'),
(386,'MARTINEZ ROMERO JONATHAN'),
(387,'MENDOZA GONZALEZ OMAR'),
(388,'MONDRAGON ESCOBAR ALFREDO'),
(389,'MORALES GONZALEZ JORGE CARLOS'),
(390,'MORALES PALAFOX EDGAR'),
(391,'NAVARRO DIAZ RAMON'),
(392,'NIETO TORRES ANTONIO'),
(393,'OCAMPO ALVAREZ ARTURO'),
(394,'OLIVER MORALES CARLOS'),
(395,'ORDOEZ ROSALES MARTIN'),
(396,'ORTEGA NAVA CARLOS FERNANDO'),
(397,'ORTIZ CORDERO GABRIEL'),
(398,'ORTIZ JIMENEZ MARIA ELENA'),
(399,'PALMA LOPEZ DANIEL FERNANDO'),
(400,'PARRALES CASTAEDA CARLOS ALBERTO'),
(401,'PATIO RODRIGUEZ RAMON'),
(402,'PELCASTRE RAMIREZ GLORIA SAMANTHA'),
(403,'PEALOZA ROMERO ERNESTO'),
(404,'PEREZ GUZMAN ALEJANDRO'),
(405,'PEREZ MEDEL MARCELO'),
(406,'PEREZ MUOZ ANTONIO GERARDO'),
(407,'PEREZ SANCHEZ HIRAM EMMANUEL'),
(408,'PEREZ VALDES JOEL ALFREDO'),
(409,'PINEDA DIAZ ELEAZAR MARGARITO'),
(410,'QUINTERO CERVANTES JOSE MANUEL'),
(411,'RAMIREZ LAZOS ESTEBAN'),
(412,'RAMOS MARQUEZ JUAN CARLOS'),
(413,'REYES CRUZ ANA CLAUDIA'),
(414,'REYES TECONTERO NORMA'),
(415,'RIVERO PICAZO MARIELA VIANEY'),
(416,'RODRIGUEZ GARCIA ARTURO'),
(417,'RODRIGUEZ LUNA JORGE ANTONIO'),
(418,'ROMERO ANDALON JESUS ANGEL'),
(419,'ROMERO AVILA SANDRA TERESA'),
(420,'ROMERO UGALDE MARTIN'),
(421,'ROMERO UGALDE MARTIN MANUEL'),
(422,'SALDAA ALDANA HECTOR'),
(423,'SALGADO RODRIGUEZ JOSE FRANCISCO'),
(424,'SANCHEZ HERNANDEZ MIGUEL ANGEL'),
(425,'SANCHEZ SANCHEZ VICTOR MANUEL'),
(426,'SEGURA RAUDA MINERVA'),
(427,'SOBERANES JAIME ROBERTO MISAEL'),
(428,'SOLIS ALCANTAR EVERARDO'),
(429,'SUAREZ HERRERA ALEJANDRO'),
(430,'TORRES RODRIGUEZ GERARDO'),
(431,'TORRES TORRES FAUSTO'),
(432,'VAZQUEZ MORALES RODOLFO'),
(433,'VEGA MUNGUIA ELIO'),
(434,'VELASCO AGUSTIN AARON'),
(435,'VERDE CRUZ ABEL'),
(436,'VERDUZCO RODRIGUEZ MARIANA'),
(437,'VIEYRA REBOYO LUIS ARMANDO'),
(438,'VILLANUEVA ORTEGA JUAN ANTONIO'),
(439,'VILLEGAS GONZALEZ JUAN CARLOS'),
(440,'ZUIGA VILLEGAS BENITO');
/*!40000 ALTER TABLE `profesor` ENABLE KEYS */;
UNLOCK TABLES;

--
-- Table structure for table `semestre`
--

DROP TABLE IF EXISTS `semestre`;
/*!40101 SET @saved_cs_client     = @@character_set_client */;
/*!40101 SET character_set_client = utf8mb4 */;
CREATE TABLE `semestre` (
  `id_semestre` int(11) NOT NULL AUTO_INCREMENT,
  `semestre` varchar(8) NOT NULL,
  PRIMARY KEY (`id_semestre`),
  UNIQUE KEY `semestre` (`semestre`)
) ENGINE=InnoDB AUTO_INCREMENT=9 DEFAULT CHARSET=utf8mb4 COLLATE=utf8mb4_general_ci;
/*!40101 SET character_set_client = @saved_cs_client */;

--
-- Dumping data for table `semestre`
--

LOCK TABLES `semestre` WRITE;
/*!40000 ALTER TABLE `semestre` DISABLE KEYS */;
INSERT INTO `semestre` VALUES
(1,'2023-1'),
(2,'2023-2'),
(3,'2024-1'),
(4,'2024-2'),
(5,'2025-1'),
(6,'2025-2'),
(7,'2026-1'),
(8,'2026-2');
/*!40000 ALTER TABLE `semestre` ENABLE KEYS */;
UNLOCK TABLES;

--
-- Table structure for table `vuelta`
--

DROP TABLE IF EXISTS `vuelta`;
/*!40101 SET @saved_cs_client     = @@character_set_client */;
/*!40101 SET character_set_client = utf8mb4 */;
CREATE TABLE `vuelta` (
  `id_vuelta` int(11) NOT NULL AUTO_INCREMENT,
  `num_vuelta` varchar(25) DEFAULT NULL,
  PRIMARY KEY (`id_vuelta`)
) ENGINE=InnoDB AUTO_INCREMENT=5 DEFAULT CHARSET=utf8mb4 COLLATE=utf8mb4_general_ci;
/*!40101 SET character_set_client = @saved_cs_client */;

--
-- Dumping data for table `vuelta`
--

LOCK TABLES `vuelta` WRITE;
/*!40000 ALTER TABLE `vuelta` DISABLE KEYS */;
INSERT INTO `vuelta` VALUES
(1,'Primera'),
(2,'Segunda');
/*!40000 ALTER TABLE `vuelta` ENABLE KEYS */;
UNLOCK TABLES;

--
-- Dumping routines for database 'extraordinarios'
--
/*!40103 SET TIME_ZONE=@OLD_TIME_ZONE */;

/*!40101 SET SQL_MODE=@OLD_SQL_MODE */;
/*!40014 SET FOREIGN_KEY_CHECKS=@OLD_FOREIGN_KEY_CHECKS */;
/*!40014 SET UNIQUE_CHECKS=@OLD_UNIQUE_CHECKS */;
/*!40101 SET CHARACTER_SET_CLIENT=@OLD_CHARACTER_SET_CLIENT */;
/*!40101 SET CHARACTER_SET_RESULTS=@OLD_CHARACTER_SET_RESULTS */;
/*!40101 SET COLLATION_CONNECTION=@OLD_COLLATION_CONNECTION */;
/*M!100616 SET NOTE_VERBOSITY=@OLD_NOTE_VERBOSITY */;

-- Dump completed on 2026-02-20 11:35:40
